$de $der 1
'mesada 'mesar 1
...apareceu ...Aparecer 1
...desmantelando ...desmantelar 1
.passaram .passar 1
/cnpu /cnpr 1
/ou /ar 1
/partido /Parter 1
11de 11der 1
12.000km 12.000kr 1
120km 120kr 1
1989tornou 1989tornar 1
1^o^do 1^o^r 1
2009assumiu 2009assumir 1
31de 31der 1
3de 3der 1
40km 40kr 1
5.000km 5.000kr 1
6.202km 6.202kr 1
]m ]r 1
ab-rogou ab-rogar 1
abaixo-assinado abaixo-assinado 2
abgar Abgar 1
abordagem abordager 1
abr abr 1
abreu Abrer 13
abrilada abrilar 1
absolutos absolutar 1
absurda absurdar 2
absurdas absurr 1
abusos abunder 1
abutendi abutender 1
acadêmica acadêmicar 1
acaso acasar 2
aceitos aceever 13
acessado acessar 3
acessados acessar 2
acessar acessar 2
acessarem acessar 1
acesso acessar 2
acesso acimir 3
acionista acionistar 4
acordos acorr 11
acre Acrir 1
acre acrar 2
acre acrir 1
acréscimos acréscir 2
aculturados aculturar 1
acéfala acéfalar 1
adalberto Adalbrir 1
adauto Adaugar 1
adelmar Adelmar 1
ademar Ademar 39
ademir Ademir 1
adepta adeptar 1
adeptos adeptar 1
adesista adeser 1
adstrito adstrever 1
adulta adulver 3
adulto adultar 1
adultos adultar 1
adversos adversar 1
adversária adversár 1
advogado-auxiliar advogado-auxiliar 1
aferr Aferr 1
afetos afetar 2
aficcionado Aficcionar 1
aficcionado aficcionar 2
aficionado Aficionar 1
afírmou Afírmar 1
aggiornar aggiornar 1
agildo Agilr 2
agressivo agressiver 1
agrária agrár 3
agrícola agrícolar 28
agrônomos Agrônor 1
agudos agur 1
air Air 1
aladi Alader 1
alavancada alavancar 1
alavancando alavancar 2
alavancar alavancar 7
alavancaram alavancar 1
alceu Alcer 25
alcoprado Alcoprar 1
aldovrando Aldovrar 1
alemão alem 3
alencar Alencar 3
alferes alferer 1
alguma algumir 1
ali alir 1
alii aliir 1
alma almar 1
almeida Almeer 1
almirantado almirantar 1
almirante-de-esquadra Almirante-de-esquadr 2
almirante-de-esquadra almirante-de-esquadrar 3
altamirando Altamirar 1
altar altar 1
alternativa alternativar 1
alternative alternater 1
altineu Altiner 1
alto altar 1
alto-mar alto-mar 2
altos altar 1
alvarado Alvarar 1
alvará alvar 2
alvará alvazer 1
além-mar além-mar 1
alínea alínear 4
am ar 1
amapá Amapar 1
amarildo Amarilr 1
amazonense amazonensar 5
amazônica amazônicar 1
ambígua ambíguir 2
ameçara ameçar 1
amistosas amistonder 1
amizade amizader 1
amor amor 3
ampla amplar 100
amplicou amplicar 1
amplo amplar 1
amílcar Amílcar 1
analfabetos analfabetar 3
anatemizava anatemizar 1
andirá Andirar 1
andrada Andrar 4
anestesista anestesistar 1
anidrido anidrir 1
ano anar 2
anormais anormar 1
anspeçada anspeçar 1
antagonismos antagonisr 1
antenado Antenar 1
antevéspera antevésper 1
anti-tática Anti-Táticar 1
antiga antigar 6
análoga análogar 3
anômala anômalar 2
anônima anônimar 1
apesar apesar 3
aplauso aplausar 1
aplicando-se aplicando-sar 1
apogeu apoger 1
apologética apologéticar 1
aposentadoria aposentador 2
aposentadoria aposentadorer 2
apoteótica apoteóticar 1
apreensão apreenser 1
aprendiz aprendizer 5
aprendizado aprendizar 10
apresentadora apresentadorar 1
apropiada apropiar 1
aptos aptar 4
apátrida apátrir 1
apócrifa apócrifar 1
aquaterladas aquaterlar 1
arabutam Arabutar 1
aratu Aratr 1
arcebispado arcebispar 2
arcebispados arcebispar 1
arcebispo arcebispar 1
arcoverde Arcoverder 1
argila argilar 1
argüía argüir 2
argüía argüíar 1
argüíram argüir 1
aristeu Arister 2
arlindo Arlir 4
armindo Armir 2
arnaldo Arnalr 1
arquiatabalhoado arquiatabalhoar 1
arquissabido arquissaber 1
arriver arriver 1
arroz arrozer 1
arruda Arrudar 7
arruda Arrur 1
arthur Arthur 1
articulista articulistar 1
articuram articurar 1
artido arter 1
artifício artifíciar 1
artigo arteguir 1
artistas artir 1
asceu ascer 1
aspecto aspectar 2
aspectos aspectar 2
aspirante-a-guarda-marinha aspirante-a-guarda-marer 1
aspirante-de-alçada aspirante-de-alçar 1
assaltos assaltar 2
assaz assazer 2
assegu­rou assegu­rar 1
assembleiar assembleiar 1
assembléia assemblear 1
assessor assessor 3
assessor-auxiliar assessor-auxiliar 1
assessoria assessorer 1
assinatura assinaturar 1
assistente assistentir 3
assistente-marinha assistente-marer 1
assistência assistencer 1
associou‑se associou‑sar 1
asssumido asssumer 1
asssumir asssumir 1
assumindou Assumindar 1
assídua assíduir 1
asusmiu asusmir 1
ataka Atakar 1
ateneu Atener 3
ateu ater 3
atitude atituder 3
ativista ativistar 2
atlântida Atlânter 1
ator ator 1
atos atar 2
atributos atributar 1
atritos atrever 8
attainder attainder 2
au ar 1
audaciosa audaciosar 1
auditados auditar 1
auditor-auxiliar auditor-auxiliar 2
auditoria auditorer 1
augusto Augur 1
austera austerar 1
authoritarianism authoritarianisr 1
auto-ajuda auto-ajudar 1
auto-intitulada auto-intitular 1
auto-intitulado auto-intitular 1
auto-intitulam auto-intitular 1
auto-intitulando Auto-intitular 1
auto-intitulando auto-intitular 1
auto-intitulava auto-intitular 1
auto-intitulou auto-intitular 1
auto-sustentado auto-sustentar 4
autoconcedidos autoconceder 1
autoconferido autoconferir 1
autoconvocar autoconvocar 3
autodefinia autodefinir 4
autodefinida autodefinir 1
autodefinindo Autodefinir 1
autodefinir autodefinir 1
autodefiniu autodefinir 4
autodeterminado autodeterminar 1
autodidata autodidatar 1
autoenganar autoenganar 1
autofavorecer autofavorecer 1
autofixar autofixar 1
autogovernar autogovernar 1
autoindicou autoindicar 1
autointitulado autointitular 1
autointitulados autointitular 1
autolimitar autolimitar 1
autonomeado autonomear 1
autonomeou autonomear 1
autonomia autonom 1
autora autorar 1
autoritária autoritár 1
autorregularem autorregular 1
autônoma autônomar 1
autônomos autônor 2
avalisado avalisar 1
avalisou avalisar 1
avassaladora avassaladorar 1
avenida avenidar 1
avenidas avener 1
averigüar averigüar 1
avulsa avulsar 3
avulsos avulnder 2
azurenha Azurer 1
açu Açr 1
açúcar açúcar 3
babaçu babaçr 4
bacharando Bacharar 1
bahia Baher 2
bancária bancár 1
bandido bander 1
bangu Bangr 2
barbosa Barbosar 1
barão bar 5
bastos Bar 1
battisti Battistir 1
bauer Bauer 1
be bar 1
belíndia Belínder 1
bem B 1
bem-aceita bem-acazer 1
bem-estar bem-estar 4
bem-preparados bem-preparar 1
bem-sucedida bem-suceder 9
bem-sucedidas bem-suceder 2
bem-sucedido Bem-suceder 7
bem-sucedido bem-suceder 7
bem-sucedido bem-sucedir 157
bem-sucedidos Bem-sucedir 1
bem-sucedidos bem-suceder 2
bem-sucedidos bem-sucedir 1
bem-vindo bem-vir 2
benedita Benedizer 4
beprem Beprir 1
bethlem Bethlar 2
bethlem Bethler 3
bevilacqua Bevilacquar 3
bevilacqua Bevilacquir 1
biblioteca bibliotecar 1
biomassa biomassar 1
bipolar bipolar 1
bispo-auxiliar bispo-auxiliar 3
bittar Bittar 1
bivar Bivar 1
bndespar BNDESPar 1
bogotá Bogot 2
bogotá Bogotar 2
boi Boi 1
borghi Borgher 1
borghi Borghir 1
bornhausendeclarou Bornhausendeclarar 1
br Br 1
bradespar Bradespar 2
braga Bragar 3
brasil-bolívia Brasil-Bolíver 1
brasil-eua Brasil-euar 1
brasil-peru Brasil-Perr 1
brasileiro.m brasileiro.r 1
brasília Brasíler 1
brasília/miami Brasília/Miamir 1
bresser Bresser 2
bresser Brezer 1
breve brer 8
breve brever 8
brigadeiro brigadeirar 1
brigadeiro-do-ar Brigadeiro-do-ar 1
brigadeiro-do-ar brigadeiro-do-ar 21
brígido Brígir 7
burnham Burnhar 1
burnier Burnier 2
básica básicar 2
cacau cacar 2
cada cado 12
cada car 11
cadetes-do-ar cadetes-do-ar 1
cadáver cadáver 1
caingangues caingangar 1
caiuá Caiu 1
cambulhada cambulhar 1
cametá Cametar 1
camisola camisolar 1
campanha campanha 1
camponesas camponender 1
cana-de-açúcar cana-de-açúcar 3
candidado candidar 1
candidatos candidatar 6
candidatura candidaturar 2
canudos Canur 1
capadr Capadr 2
capitalista capitaler 1
capitão capitar 6
capitão-de-mar-e-guerra Capitão-de-mar-e-guerrar 1
capixaba capixabar 22
cara car 1
cara carar 1
cargo cargar 128
cargos-chave cargos-chaver 1
carlindo Carlir 1
carteirinhas carteirinhar 1
carvalho Carvalher 1
caráter caráter 45
casos cander 1
cassete casseter 1
castanha-do-pará castanha-do-par 2
cas­sado cas­sar 1
catarinense catarinensar 3
categoria categorer 1
caudilhesca caudilhescar 1
cavalcanti Cavalcantir 1
caviar caviar 1
caçula caçular 1
cdhu Cdhr 1
cearense cearensar 2
celerada celerar 2
celular celular 7
cem c 1
cem cer 2
centígrados centígrar 1
cerimônia cerimôn 1
cerimônia cerimônir 1
certeza certezar 1
chance chancer 1
chanceler chanceler 31
change changer 1
chapéu chapér 1
charadas charar 1
charmeur charmeur 1
cherem Cherir 1
chimangada chimangar 1
chinesa chinender 1
chofer chofer 1
chuvados chuvar 1
chá char 1
cidadania cidadanir 2
cidadão cidad 1
ciente cientir 1
cinqüenta cinqüentar 1
cirurgião cirurgi 3
cité citser 1
civil-militar civil-militar 7
civil­militar civil­militar 1
clair Clair 1
clandestina clandestinar 4
clandestino clandestinar 1
clara clar 14
clara clarar 2
classista classer 2
classista classistar 2
classistas classir 4
clodomir Clodomir 1
clodoveu Clodover 1
clube cluber 3
clássica clássicar 1
cláusula cláusular 1
co-editar co-editar 1
co-organizado co-organizar 1
co-patrocinados co-patrocinar 1
co-presidida co-presider 1
co-presidiu co-presidir 1
co-realizadas co-realizar 1
co-réu co-rér 1
cobertura coberturar 2
coelho Coelhar 1
coeso coender 1
coesos coender 1
colega colegar 8
colegiada colegiado 6
colegiada colegiar 6
colegiadas colegiar 4
colegiado colegiar 25
colegiados colegiar 23
coletivista coletiver 1
coletivista coletivistar 2
coletivistas coletivir 1
coletânea coletânear 1
collor Collor 3
colônia colôn 1
colônia colônir 2
comandante-geral-do-ar comandante-geral-do-ar 1
comandos comanr 6
comemorativa comemorativar 1
comendas comer 1
comentarista comentarer 1
comentarista comentaristar 5
comezinha comezinhar 1
comitê comitazer 1
comitê comiter 1
comndar comndar 1
complexa complexar 2
comprida compridar 1
compridos comprer 1
compromissadas compromissar 1
compromissado Compromissar 1
compromissados compromissar 2
compromisso compromissar 1
compulsória compulsór 1
comunista comuner 3
comunistas comunir 1
conceito conceitar 1
concernente concernentir 1
concessionária concessionár 2
conciliatória conciliatór 1
conclave conclavar 1
concordância concordâncer 1
concoreu concorer 1
concunhado concunhar 4
concursada concursar 2
concursado concursar 21
concursados concursar 10
condado Condar 1
conduru Condurr 2
conexão conex 1
conferencista conferencer 2
conferencista conferencistar 2
conflagaram conflagar 1
conflitos conflever 1
conflituados conflituar 1
conflituava conflituar 1
congresso Congrimir 5
congêneres congênerer 1
conrado Conrar 3
consecutiva consecutivar 10
consecutiva consecutiver 6
consecutivo consecutivar 1
consegui-da consegui-r 1
conseguinte conseguintir 1
conselheiro conselheerir 12
conselheiro conselheirar 1
consenso consensar 3
consequente consequentir 1
consequência consequêncer 1
conseqüência conseqüêncer 3
conseqüência conseqüênciar 3
conservatrice conservatricer 1
consigli consigler 1
constestou constestar 1
constitucionalistas constitucionalir 2
constitue constituir 1
constituinte constituintir 49
construtora construtorar 1
consulado consular 1
consulados consular 1
consular Consular 2
consular consular 4
consultora consultorar 2
consultoria consultor 1
consultoria consultorer 3
consórcio consórciar 1
contagiosas contagionder 1
contatos contatar 5
contemporânea contemporânear 2
conteúdo conteúr 4
contingenciada contingenciar 1
contingenciar contingenciar 2
continou continar 1
continuístas continuír 4
contra contrar 1
contra-argumentava contra-argumentar 1
contra-argumentou contra-argumentar 4
contra-assinada contra-assinar 1
contracarrear contracarrear 1
contrapartida contraparter 6
contrapartida contrapartir 3
contratos contratar 1
contribuido contribuir 1
contrária contrár 28
contrário contráriar 1
contumaz contumazer 3
contígua contíguir 1
contínua contínuar 2
contínua contínuir 1
conveniada conveniado 1
conveniadas conveniar 4
conveniados conveniar 7
coontribuíram coontribuir 1
cooperativista cooperativer 17
cooperativista cooperativistar 1
cooperativistas cooperativir 1
coordenador-executivo coordenador-executivar 1
coordenadora coordenadorar 1
copatrocinado copatrocinar 1
copeve Coper 1
coroinha coroer 1
coroinha coroinhar 1
coronel-reformado Coronel-reformar 1
coronha Coronhar 1
coronhadas coronhar 1
corpo corpar 2
corporativista corporativistar 1
corrcspondesse corrcsponder 1
correioweb.com.br correioweb.com.br 1
correspondente correspondentir 1
corumbá Corumbar 2
covarde covardar 1
covardia covarder 1
credenciada Credenciar 1
credenciada credenciadar 1
credenciadas credenciar 1
credenciado Credenciar 2
credenciado credenciar 17
credenciados credenciado 2
credenciados credenciar 13
credenciando Credenciar 1
credenciando credenciar 7
credenciar credenciar 2
credenciara credenciar 1
credenciaram credenciar 1
credenciaria credenciar 1
credenciasse credenciassar 1
credenciava credenciar 2
credenciavam credenciar 2
credenciou credenciar 9
crescente crescentir 1
criadora criadorar 1
criança criançar 3
criar-se-iam criar-se-ir 1
criminosas criminonder 1
criou‑se criou‑sar 1
crise crisar 2
cristo Crer 1
criticassse criticar 1
cronista cronistar 1
cru crr 5
cruz cruzir 1
crédito crédger 5
crédito crédizer 1
crítica críticar 4
crônica crônicar 1
cuiabá Cuiab 4
cuiabá Cuiabar 8
culto cultar 3
curitiba Curitber 1
curitiba Curitibar 1
curitiba-paranaguá Curitiba-Paranagu 1
cursos curnder 2
curtos currer 1
custódia custóder 1
cutelaria cutelar 1
cáqui cáquir 4
câmara Câmar 4
câmara Câmarar 1
câmara câmar 3
câncer Câncer 1
câncer câncer 18
cândida Cânder 1
cândido Cânder 13
cândido Cândir 25
césar César 3
céu cér 1
cúpula cúpular 1
dacar Dacar 6
danosos danonder 1
ddécada ddécar 1
decisiva decisivar 2
decisivo decisiver 1
decisão decis 1
declamatória declamatór 1
declaração declaraç 1
declarouque declaroucar 1
declínio declíniar 1
decreto-lei decreto-l 4
decreto-lei decreto-lar 1
decteto-lei Decteto-Lar 1
defeituosas defeituonder 1
defendendendo defendender 1
defensor defensor 16
defensora defensorar 4
definu definr 1
deflagar deflagar 1
deflagara deflagar 1
deflagaram deflagar 1
defrontar-se-iam defrontar-se-ir 1
deixan­do Deixan­r 1
dejandir Dejandir 1
delegado-auxiliar delegado-auxiliar 6
delegado-militar delegado-militar 1
delegado-substituto delegado-substitugar 1
delenda Delender 2
delgado Delgado 1
delicada delicar 12
delicadas delicar 8
delicado delicar 12
delicados delicar 7
delito delitar 1
della dellar 1
delso Delsar 1
delta Deltar 1
demagogia demagogir 1
demagógica demagógicar 1
demissão demisser 1
democracia democracer 7
democrata democratar 1
democratas democratar 2
democrática Democráticar 2
democrática democráticar 3
demonizado demonizar 1
dentaduras dentadurar 1
dentre dentrar 1
denúncia denúncer 3
dependencia dependenciar 2
dependente-associado dependente-associar 1
depósitos depósever 1
desabatinado desabatinar 1
desabençoar desabençoar 1
desacertos desacerrer 1
desacordos desacorr 2
desastrada desastradar 1
desastrosa desastrosar 1
descalibrados descalibrar 1
descomissionado descomissionar 1
descompatibilizando Descompatibilizar 1
descompatibilizou descompatibilizar 3
descomprometer descomprometer 1
descomprometida Descomprometer 1
descomprometido descomprometer 1
descomprometido descomprometir 2
descompromissada descompromissar 1
descompromissado descompromissar 2
desconfiança desconfiançar 1
desconstituir desconstituir 1
descontínua descontínuar 1
descortesia descortes 1
descredenciando descredenciar 1
descredenciou Descredenciar 2
descredenciou descredenciar 1
descriar descriar 1
desde desder 9
desejoso desejosar 1
desembargadora desembargadorar 1
desencompatibilizado desencompatibilizar 1
desencompatibilizando desencompatibilizar 1
desencompatibilizou desencompatibilizar 1
desenrolar-se-iam desenrolar-se-ir 1
desestatizadas desestatizar 1
desestatizar desestatizar 2
desestimula desestimular 1
desestimulado desestimular 1
desestimulados desestimular 2
desestimulando desestimular 4
desestimular desestimular 10
desestimulava desestimular 3
desestimulavam desestimular 3
desestimulou desestimular 4
desgostosa desgostosar 1
desicompatibilizara desicompatibilizar 1
desideologizar desideologizar 1
designer designer 2
desimcompatibilizar desimcompatibilizar 1
desimcompatibilizou desimcompatibilizar 1
desincompatibizar desincompatibizar 1
desincompatiblizou desincompatiblizar 1
desincompatilizou desincompatilizar 1
desindexada desindexar 2
desindexar desindexar 2
desindexou desindexar 1
desinterditadas desinterditar 1
desisitdo desisitr 1
desligouse Desligousar 1
desmandos desmanr 2
desnecessária desnecessár 5
desordem desorder 4
despolitizada despolitizar 1
despolitizando despolitizar 1
despolitizar despolitizar 2
desportos Desporrer 1
despotencializado despotencializar 1
despreparada despreparar 2
despreparadas despreparar 3
despreparado despreparar 6
despreparados despreparar 2
desregulamentado desregulamentar 1
desregulamentar desregulamentar 3
desrespeitosa desrespeitosar 1
destinar-se-iam destinar-se-ir 1
destróier destróir 1
detentora detentorar 1
devolvessse devolver 1
dezembroencerrou dezembroencerrar 1
di Dir 1
dia D 2
didática didáticar 1
die diar 1
dilermando Dilermar 1
dilma Dilmar 1
diminuta diminutar 1
diputou diputar 2
dirceu Dircer 31
direita direitar 1
direita direito 3
direito Direger 1
direta diretar 6
diretas diretar 1
diretor diretor 1
diretor-adido Diretor-ader 1
diretoria diretor 1
diretoria diretorer 2
diretos diretar 4
discorsi discorsir 1
discreta discretar 1
discursos discursar 1
discórdia discórder 1
dispender dispender 1
dispendeu dispendar 1
dispositivo dispositiver 1
dissidente dissidentir 1
distinta distinguir 11
distintas distintar 4
distinto distinguir 2
distribuidos distribuir 1
ditadura ditadurar 1
diversos diversar 1
diversíssima Diversíssimar 1
dividendo dividender 2
dividendos dividenr 7
djacir Djacir 1
dnar Dnar 1
dner Dner 1
doi Doi 1
dolarizada dolarizar 2
domingueiro domingueirar 1
dona donar 1
dossiê dossier 2
doutourou doutourar 2
dr Dr 1
dr dr 2
dtitular dtitular 1
du dr 14
dupla duplar 1
duradoura duradourar 3
dutra Dutrar 28
década décar 4
décadas décar 8
déda Dér 1
dívida díver 2
dívidas díver 3
dívidas dívir 3
dúvida dúvidar 1
ebtu Ebtr 1
echevêque echevêcar 1
eclusas eclunder 1
economia economer 2
economista economistar 1
edas er 1
eder Eder 1
edgar Edgar 9
edir Edir 1
edmar Edmar 2
efeitos efeever 1
eficaz eficazer 1
efêmera efêmer 2
efêmera efêmerar 3
einar Einar 1
eis ser 3
eisenhower Eisenhower 2
eldorado Eldorar 3
eleitorado eleitorar 5
eleitoreiro eleitoreirar 1
elementar elementar 6
elencados elencar 1
elencou elencar 1
eletronuclear Eletronuclear 6
eletrônica eletrônicar 1
elevadíssima elevadíssimar 1
eliezer Eliezer 2
elitista elitistar 1
elitizam elitizar 1
elogiva elogivar 1
em ir 6
embaixada embaixar 1
embaixadas embaixar 2
embaixador embaixador 1
embaraçosas embaraçonder 1
embora Emborar 1
embora emborar 9
emissor emissor 1
empréstimos empréstir 6
em­possado Em­possar 1
emérito emérever 12
encontrar-se-iam encontrar-se-ir 1
endoto-ácidos endoto-ácir 1
energia energer 5
enfermos enfer 1
engenheiro engenheerir 3
engenheiro engenheirar 1
engenheiro-auxiliar engenheiro-auxiliar 2
enorme enormar 1
ensagüenta ensagüentar 1
enseja.r enseja.r 1
ensur Ensur 1
ente entir 2
entocaiados entocaiar 1
entreguista entreguistar 1
entrepreneur entrepreneur 1
entretando Entretar 1
entusiasta entusiastar 6
entusiástica entusiásticar 1
então entar 1
enérgica enérgicar 2
epsem Epsar 1
equalizados equalizar 1
equânime equânimir 1
erlindo Erlir 1
escola escolar 4
escolar escolar 12
escolhsse escolhr 1
escrava escrar 9
escravidão escravid 1
escravo escraver 1
escravocrata escravocratar 2
escrivão escriir 1
escusos escunder 1
esdrúxula esdrúxular 1
espantosa espantosar 1
especializaou especializaar 1
especializa­dos especializa­r 1
especificar-se-iam especificar-se-ir 1
específica específicar 2
esplêndido esplênder 1
espontânea espontânear 1
esportista esportistar 1
esquema esquemar 3
esquerdista esquerdistar 1
essa Essar 1
essa imir 8
esse er 1
esse essar 5
esso imir 1
estadista estadistar 2
estalinizado estalinizar 1
estatística estatísticar 2
este estar 1
estender-se-iam estender-se-er 1
estopim estopir 3
estragos estragar 1
estratégia estratéger 1
estreitos estreever 2
estrita estrever 1
estrita estritar 1
estritos estrever 1
estudos Estur 12
estudos estur 44
etudou Etudar 1
eu Er 2
europeu Europer 1
europeu europer 1
européia europear 2
euvaldo Euvalr 1
evangélica evangélicar 1
evento eventar 1
evidente evidentir 1
ex-auxiliar ex-auxiliar 1
ex-deputada ex-deputar 1
ex-deputado ex-deputar 8
ex-deputados ex-deputar 4
ex-magistrado ex-magistrar 1
ex-militar ex-militar 1
ex-partido ex-Parter 1
ex-repórter Ex-repórter 1
exatos exatar 1
excercido excercer 1
exceto excetar 2
exceção exceç 1
exchange exchanger 1
execeu Execer 1
executiva executivar 1
executor executor 1
executora executorar 1
exercído exercir 1
exigua exiguar 1
exigência exigêncer 1
existente existentar 1
existente existentir 1
existentes existir 35
existência existencer 2
expansionista expansionistar 1
experience experiencer 1
experienciado experienciar 1
experiência experienciar 1
explícita explícever 11
explícito explícever 1
explícito explícger 3
explícitos explícever 4
exrceu exrcer 1
extemporânea extemporânear 2
extensa extender 1
extensa extensar 3
extensas extender 1
extingüir extingüir 1
extingüiu extingüir 4
extorsão extorser 1
extra extrar 3
extra-remunerados extra-remunerar 1
extrachapa extrachapar 1
extraclasse extraclar 1
extraordinária extraordinár 1
extremos extr 7
exércitos exércever 1
fachadas fachar 1
falcão Falc 1
falimentar falimentar 4
falsos falder 1
falsos falnder 4
famigerado famigerar 2
familiar familiar 4
faminta faminguir 1
família famíler 1
família famíliar 2
far-se-iam far-se- 1
farinha farir 2
farquhar Farquhar 2
farsa farsar 1
fascista fascer 1
fato fatar 11
fatos fatar 1
favela favelar 1
favelada favelar 2
faveladas favelar 1
favelados favelar 2
favor favor 2
favorita favorever 1
favoritos fazavorr 1
fazeer fazeer 1
fazenda fazendar 1
fazendas fazer 22
fazendeiro fazendeerir 5
febem Feber 2
febre febrir 1
feconezu Feconezr 1
feia fear 1
fenômeno fenômenar 1
ferdinando Ferdinar 3
fernando Fernar 2
feroz ferozer 2
ferrenha ferrer 4
ferrenho ferrer 1
financista financistar 1
firmeza firmezar 3
flliou flliar 1
fluida fluir 1
fluidos fluir 1
fluminense fluminensar 2
flácida flácidir 1
fm Fr 2
foirevelado foirevelar 1
fonmdo fonmr 1
fori forir 1
fornara fornar 1
fornecedor fornecedor 1
forte fortar 2
fournier Fournier 4
franca francar 2
francenildo Francenilr 1
fratricida fratricidar 1
fraudulenta fraudulenguir 2
fraudulenta fraudulentar 1
fraudulentas fraudulentar 1
free-lancer free-lancer 1
freelancer freelancer 1
frei frar 13
freqüentada freqüentar 1
freqüentadas freqüentar 1
freqüentado freqüentar 9
freqüentando Freqüentar 1
freqüentando freqüentar 27
freqüentar freqüentar 56
freqüentara freqüentarar 1
freqüentaram freqüentar 1
freqüentassem freqüentar 2
freqüentava freqüentar 9
freqüentavam freqüentar 6
freqüento freqüentar 1
freqüentou Freqüentar 36
freqüentou freqüentar 154
friboi Friboi 1
froa froar 1
fronteiriça fronteiricer 4
frontière frontièrir 1
frota frotar 2
fruendi fruender 1
frustou frustar 1
fuiram fuir 1
funabem Funaber 1
funcionária funcionár 2
fundiária fundiár 1
fusam Fusar 1
fusão fus 1
física físicar 1
fórmula fórmular 10
fôra fôr 1
fôra fôrar 1
fúnebre fúnebrir 4
für für 1
gado gado 6
gado gar 3
gandi Gandir 1
garcia Garcer 1
garrastazu Garrastazr 2
gasolina gasolinar 1
gasosa gasosar 1
gaúcha gaúchar 112
gaúcha gaúcher 7
gaúchas gaúchar 6
gaúcho gaúchar 27
general-de-brigada General-de-brigar 10
general-de-brigada general-de-brigar 3
geraisdo geraisr 1
geraldo Geralr 1
gestada gestar 3
gestado gestar 1
gestando gestar 1
gestos ger 1
gestou gestar 1
gibraltar Gibraltar 1
gilberto Gilbrir 2
ginecologista ginecologistar 1
giocondo Giocor 1
goiânia Goiânir 1
golpe golpar 5
golpe golper 3
gouriou Gouriar 2
governador governador 2
governistas governir 2
granimar Granimar 1
greve Grer 3
greve grer 2
grevista grever 2
grão-chanceler grão-chanceler 4
guajará Guajar 2
guanabara Guanabar 3
guanabara Guanabarar 1
guandu Guandr 1
guarani Guaranir 1
guaraná guaranar 1
guarda-marinha Guarda-marer 1
guarda-marinha guarda-marer 14
guaxuma Guaxumar 1
guaçu Guaçr 1
guido Guir 3
gumercindo Gumercir 1
gusa gusar 1
guzerá Guzer 1
gá g 1
hacia Haciar 1
harmonia harmonir 1
hasslocher Hasslocher 2
hediondo hedior 4
hediondos hedionr 5
helou Helar 1
hematófago hematófagar 1
herança herançar 1
heslander Heslander 2
hierarquia hierarquir 2
hildebrando Hildebrar 3
hipercalibrado hipercalibrar 1
histeria Histerir 1
historiador historiador 1
hitler Hitler 1
homem Homer 1
homem homer 1
http://correiodobrasil.com.br http://correiodobrasil.com.br 1
huerta Hurir 1
humaitá Humait 1
hélder Hélder 6
híbrida híbrir 1
híbrido híbrer 2
idem Ider 1
idéia idé 5
idêntica idênticar 1
igreja Igrar 1
igreja-estado Igreja-Estar 5
iguaçu Iguaçr 9
iii iiir 1
ildeu Ilder 1
ilegítimos ilegítir 2
ilesos ilender 1
iletrada iletrar 1
ilimitada ilimitar 3
ilimitado ilimitar 3
ilimitados ilimitar 1
ilícito ilícever 7
ilícitos ilícever 2
imaginária imaginár 1
imediatos imediatar 2
imensa imensar 1
imoderada imoderar 1
imotivada imotivar 7
impactos impactar 1
imperativa imperativar 1
imperfeita imperfeitar 1
implementeda implementer 1
implícita implícitar 1
impopular impopular 4
importadora importadorar 1
importance importançar 1
importância importâncer 13
imprecisa imprecisar 2
imprevisto imprever 1
imprópria imprópr 1
impura impurar 1
inacabada inacabadar 3
inacabada inacabar 1
inacabadas inacabar 7
inacabado inacabar 2
inacabados inacabar 2
inadequada inadequadar 2
inadequada inadequar 1
inadequadas inadequar 3
inadequado inadequar 4
inadequados inadequar 3
inadvertida inadverter 1
inalterada inalteradar 9
inalterada inalterar 1
inalteradas inalterar 2
inalterado inalterar 7
inalterados inalterar 3
inaplicada inaplicar 2
inapropriada inapropriadar 1
inapropriado inapropriar 1
inaproveitado inaproveitar 1
inaproveitados inaproveitar 1
inar Inar 3
incapaz incapazer 1
incapaz incapazir 1
incaracterizada incaracterizar 1
incicada incicar 1
incluisve incluisr 1
inclusive incluser 1
inclusive inclusiver 7
incondicionada incondicionar 1
inconformada Inconformar 1
inconformada inconformar 1
inconformadas inconformar 2
inconformado Inconformar 21
inconformado inconformar 14
inconformados Inconformar 8
inconformados inconformar 7
incontaminada incontaminar 1
incontestada incontestar 1
incontestado incontestar 1
inconteste incontestar 1
inconteste incontestir 1
incontida inconter 1
incontinenti incontinentir 1
incontrastado incontrastar 1
incontrolado incontrolar 1
incorreta incorretar 1
incrustradas incrustrar 1
incubido incuber 1
incultas incultar 1
incursos incursar 1
incômoda incômodar 4
indefesas indefender 1
indefinida indefinidar 1
indefinida indefinir 1
indefinido Indefinir 1
indefinido indefinir 4
indefinidos indefiner 1
indentificara indentificarar 1
independência independencer 1
indevida indever 6
indevidas indever 2
indevidas indevir 5
indevido indever 8
indevidos indever 2
indevidos indevir 3
indireta indiretar 6
indiscriminada indiscriminar 12
indiscriminadas indiscriminar 1
indiscriminado indiscriminado 5
indiscriminado indiscriminar 2
indiscriminados Indiscriminar 1
indistinta indistinguir 1
individados individar 1
indivíduo indivíduar 1
indígena indígenar 1
inerte inertir 1
inesperadas inesperar 1
inesperado inesperar 3
inexistente inexistentar 1
inexploradas inexplorar 2
inexplorado inexplorar 1
inexplorados inexplorar 5
infantaria infantar 2
infenso infender 1
influente influentir 1
influenza influenzar 1
informan-do informan-r 1
informativo informativer 1
informática informáticar 2
infrutífera infrutíferar 1
infrutífero infrutíferar 1
infundada infundar 2
infundadas infundar 8
infundado infundar 1
infundados infundar 1
ingerência ingerêncer 1
ingressan-do ingressan-r 1
iniciativa iniciativar 1
inimiga inimigar 6
inimigo inimeguir 1
injusta injur 1
injustiçado injustiçar 2
injustiçados injustiçar 1
injusto injur 2
injúria injúr 1
inoportuna inoportunar 1
inquérito inquérever 1
insatisfeita insatisfeitar 1
insatisfeita insatisfeito 1
insatisfeitas insatisfeizer 1
insatisfeito insatisfeger 1
insatisfeito insatisfeitar 8
insegura insegurar 2
inspetor inspetor 2
instalou‑se instalou‑sar 1
instantânea instantânear 1
instituia instituir 1
institutindo institutir 1
instrutor instrutor 1
insultuosas insultuonder 1
insumos insu 2
insuspeitada insuspeitar 1
insuspeitos insuspeever 1
intacta intactar 2
integralism integralisr 1
integralista integralistar 2
intensificar-se-iam intensificar-se-ir 1
intensos intender 4
inter inter 2
interdisciplinar interdisciplinar 3
internalizar internalizar 2
internalizassem internalizar 1
interparlamentar Interparlamentar 1
interparlamentar interparlamentar 3
interventor interventor 18
inte­grar inte­grar 1
intituído intituir 1
intocada intocar 5
intocado intocar 1
intocados intocar 1
intraliqüiliza intraliqüilizar 1
intramilitar intramilitar 1
intrépida intréper 1
intrépido intréper 1
intérprete intérpretar 2
intérprete intérpretir 1
inusitada inusitar 5
inusitadas inusitar 1
inusitado inusitar 2
investidor investidor 1
inválidas inválir 1
inválido inváler 1
inválidos inváler 1
inválidos inválir 2
inédita inéditar 3
inédita inédizer 1
inédito inéditar 1
inédito inédizer 7
inéditos inédever 2
início iníciar 1
inócua inócuir 2
irineu Iriner 5
irrefletido irrefletir 1
irregular irregular 4
irrestrita irrestrever 6
irrestrito irrestrever 6
itaipu Itaipr 1
itamar Itamar 1
itapicuru Itapicurr 1
item itar 45
itu Itr 1
ituaçu Ituaçr 1
iugoslava iugoslar 1
jaguar Jaguar 3
jaguaribe Jaguaribir 1
jair Jair 4
jandira Jandirar 1
japurá Japur 1
jaraguá Jaragu 1
jornada Jornar 2
jornada jornar 4
jornadas jornar 1
jovem jovar 7
jovem jover 1
jovem jovir 2
jubileu Jubiler 1
jucá Juc 1
judas Jur 1
judeu juder 1
judiciária judiciár 1
juiz juizer 1
juizado juizar 1
juizados Juizar 1
jukeu Juker 1
juraci Juracer 1
juraci Juracir 1
juruá Juru 1
justos jur 2
já J 2
júri júrer 1
kandir Kandir 1
kapeller Kapeller 1
karam Kar 2
klinger Klinger 5
konder Konder 1
krieger Krieger 1
la lar 6
lacerda Lacerdar 2
lado lar 2
lafer Lafer 1
lageado Lagear 1
lar Lar 1
large largir 1
larvados larvar 1
laser laser 2
latifundiaria latifundiar 1
latu latr 1
laudos laur 1
lavagem lavagir 1
lazer lazer 5
le lar 1
le ler 2
leader leader 1
lecenciando lecenciar 1
leda Ler 1
legalistas legalir 7
legem Leger 1
legislativa Legislativer 3
legista legistar 2
legítima legítimar 5
lei L 29
lei l 5
lei-loando lei-loar 1
lema lemar 1
leme Lemar 1
leme Lemer 3
lemgruber Lemgruber 1
leningrado Leningrar 3
lerer Lerer 1
lesiva lesivar 1
lesivo lesivar 1
lessa Lessar 1
levanta-ram levanta-r 1
levatnaram levatnar 1
levindo Levir 2
levá-la-iam levá-la- 1
leônidas Leôner 1
leônidas Leônir 16
lhe lher 4
licencou licencar 1
licença licencer 2
licença licençar 5
liceu Lecer 3
liceu Licer 1
limiar Limiar 1
limiar limiar 4
liminar liminar 78
linha ler 1
liturgia liturgiar 1
livro-caixa livro-caixar 2
logo Logar 9
logo logar 1
louis Louerer 1
lousada Lousar 1
ltda Ltdar 1
lugar lugar 3
luis Luerer 2
lula Lular 5
luriam Lur 2
lustosa Lustosar 1
lutzenberger Lutzenberger 3
lá L 1
lícita lícitar 3
lícito lícitar 1
líder Líder 1
líder líder 70
líquida líquer 3
líquida líquir 3
líquidas líquer 1
líquidas líquir 2
líquidos líquer 1
lógica lógicar 1
m r 2
macapá Macap 1
maciça macicer 2
magistrado magistrar 32
magistrados magistrado 4
magistrados magistrar 15
maia Mair 1
maioria maior 2
maiúscula maiúscular 1
major major 3
major-brigadeiro-do-ar major-brigadeiro-do-ar 10
majoritária majoritár 3
maker maker 1
mal-alojadas mal-alojar 1
mal-armados mal-armar 3
mal-estar mal-estar 13
mal-sucedida mal-suceder 1
malcriada malcriar 1
malgrado malgrar 8
malsucedida malsuceder 6
malsucedidas malsuceder 1
malsucedidas malsucedir 1
malsucedido Malsuceder 6
malsucedido Malsucedir 1
malsucedido malsuceder 4
malsucedido malsucedir 18
malsucedidos malsuceder 1
malvisto malver 1
mambembe mambember 1
mamede Mameder 1
mamona mamonar 1
manchetada manchetar 1
manchete manchetar 2
manchete manchetir 1
manisfestaram manisfestar 1
mansa Mander 1
manteve‑se manteve‑sar 1
manu manr 1
maquis Maquerer 2
mar Mar 1
mar mar 2
marajoara marajoar 1
marajá maraj 1
maranhense maranhensar 1
marechal-do-ar marechal-do-ar 11
margem marg 1
margem marger 1
maringá Maringar 1
março marcer 2
marítimos marítir 2
masobteve masobter 1
massa massar 1
master master 1
mater mater 1
matogrossense matogrossensar 1
matos Matar 1
ma­nifestou ma­nifestar 1
mecânica mecânicar 1
medusada medusar 1
medíocre medíocrir 1
melhoria melhor 1
mesmos mesr 3
mestra mestrar 1
mestrado mestrar 52
mestrados mestrar 1
meu Mer 1
meunir Meunir 1
mevitevendo Mevitever 1
micro micrar 1
milenar milenar 1
miltar miltar 2
ministro-convocado ministro-convocar 1
minutos minutar 1
mirage Miragir 1
miranda Mirandar 1
miscigenando miscigenar 1
missão misser 1
mista mistar 5
mista misturar 242
mistas mir 1
mister mister 5
misto mer 8
misto mistir 5
mistos mer 2
moderna modernar 1
modesto moder 1
modestos moder 1
moeda Moedar 1
moeda moer 2
monazita monazitar 1
monetarizou monetarizar 1
monitorada monitorar 1
monitorado monitorar 1
monitorados monitorar 1
monitoram monitorar 1
monitorar monitorar 10
monitorava monitorar 3
monitorou monitorar 2
monteiro Monteirar 1
montesquieu Montesquier 1
montoro Montorar 1
mordenizar mordenizar 1
mori morir 1
mortada Mortar 1
mortem mortar 2
mortem mortir 4
mourão Mour 1
mr mr 1
mtr Mtr 1
mudança mudançar 1
mudoua mudouar 1
mulher mulher 5
multiplicar-se-iam multiplicar-se-ir 1
murder murder 1
mutirão Mutir 1
mutsuhito Mutsuhever 1
mártir mártir 2
média méder 4
médica médicar 1
médici Médicir 5
médico-auxiliar médico-auxiliar 1
médico-hospitalar médico-hospitalar 1
métodos métor 2
mínimos mínir 2
mítica míticar 1
mórbido mórbir 1
nacionalistas nacionalir 1
nader Nader 1
nafta naftar 1
nair Nair 1
natimorto natimorrer 1
nationalism nationalisr 1
navio naviar 1
ne nar 4
ne nir 18
necessidade necessidader 1
necessária necessár 14
nefastos nefar 1
negra negrar 1
negrão Negr 1
nem nir 1
nenhuma nenhumir 2
nereu Nerer 22
neta netar 2
netumar Netumar 1
neófita neófitar 1
neófito neófitar 1
niemeyer Niemeyer 5
nirlando Nirlar 1
nissei nissar 2
nodia noder 1
nomea nomear 3
nonôvotou Nonôvotar 1
nordestina nordestinar 1
norma normar 1
normatizar normatizar 3
normatizava normatizar 1
normatizou normatizar 1
nossa nossar 1
noventa Noventar 1
noventa noventar 1
nu nr 3
nula nular 1
nunca Nuncar 1
nuvem nuvir 2
não-alfabetizados não-alfabetizar 1
não-alinhada não-alinhar 2
não-alinhadas não-alinhar 1
não-alinhados Não-Alinhar 4
não-alinhados não-alinhar 1
não-associadas não-associar 1
não-assumidos não-assumer 1
não-comprometida não-comprometer 1
não-concursados não-concursar 3
não-derivados não-derivar 2
não-publicados não-publicar 1
não-qualificada não-qualificar 3
não-remunerada não-remunerar 1
nãoconseguir nãoconseguir 1
nélida Néler 1
névralgie névralgiar 1
nítida níter 1
nítida nítido 2
nítida nítir 3
nítidas nítir 2
nítido níter 1
nítido nítir 1
nítidos nítir 4
número númerer 1
obscura obscurar 1
obscuro obscurar 3
obstaculada obstacular 1
ocasião ocasi 3
ociar ociar 1
ocorrrer ocorrrer 1
ofensa ofender 2
ofensas ofender 1
offshore offshorir 1
oglu Oglr 1
oguido Oguir 1
oitenta oitentar 1
oligopolizada oligopolizar 1
oligopolizadas oligopolizar 1
oligopolizado oligopolizar 1
oligopolizados oligopolizar 1
olimpíadas Olimpíar 1
omissa omider 1
omissa omissar 3
online onlinir 5
onu Onr 2
operandi operander 1
operariado operariar 1
operária operár 1
oportuna oportunar 5
oposicionista oposicionistar 3
opu-nha opu-nhar 1
or or 1
ordem Order 3
ordem order 1
ordem ordir 3
orfeu Orfer 1
orgão org 1
origem origir 1
originária originár 1
oriunda oriundar 1
oriunda oriundir 3
oriundas oriur 17
oriundos oriunr 32
oscar Oscar 22
ossada ossar 1
ostensiva ostensivar 1
ottati Ottatir 1
ousadia ousadiar 2
outrem outr 2
outrora outrorar 1
pacem Pacer 4
pacto pactar 1
padrão padr 1
page pagir 2
palocci Paloccer 1
panair Panair 2
panorama panoramar 1
pantoja Pantojar 1
papandreou Papandrear 1
paquetá Paquetar 1
par par 1
para-sar Para-Sar 1
paraguai Paraguair 2
paraguaia paragua 3
paraguaia paraguair 3
paraguaçu Paraguaçr 3
paralela paralelar 2
paramilitar paramilitar 10
paranaense paranaensar 1
paraná Paran 3
paraná Paranar 2
parceria parcer 1
parceria parcerir 1
particiopu particiopr 1
particular particular 1
partner partner 1
passagem passager 2
passu passr 1
patamar patamar 4
patente patentir 1
pater pater 2
paterna paternar 1
paticipado paticipar 1
patriótica patrióticar 1
paulista pauler 8
paulista paulistar 3
paulistas paulir 3
paulistinha Paulistinhar 1
pauperizada pauperizar 1
pauperizar pauperizar 1
pa­ra pa­r 1
pecuarista pecuarer 1
pecuarista pecuaristar 1
peculiar peculiar 10
pedagiadas pedagiar 3
pedagogia pedagog 1
pedofilia pedofiler 1
pedofilia pedofiliar 1
peemedebista peemedeber 1
peemedebista peemedebistar 1
peemedebistas peemedebir 2
penal-militar penal-militar 1
penha Pir 6
penido Pener 1
penosa penosar 1
per per 16
perda perdar 1
perdão perd 1
periciadas periciar 1
periferia periferer 1
perigosíssima perigosíssimar 1
perilencoptera Perilencopterar 1
perito peringir 1
permanacendo permanacer 1
permanencia permanencer 1
permanente permanentar 2
permanência permanenciar 1
permanência permanêncer 1
permissão permisser 1
perpretado perpretar 1
perpétua perpétuir 3
persona personar 10
peru Perr 4
períodos períor 8
pessedista pesseder 1
pessedista pessedistar 1
pessedistas pessedir 1
pessoa pessoar 1
pessou pessar 1
petebista petebistar 1
petista peter 1
petista petistar 2
petistas petir 4
petrolina-teresina Petrolina-Teresinar 1
petrolífera petrolífer 5
petrolífera petrolíferar 1
petroquímica petroquímicar 1
pfeiffer Pfeiffer 1
pfl-partido PFL-Parter 1
piauí Piauir 1
piloto-observador-metralhador-militar piloto-observador-metralhador-militar 1
pimenta Pimentar 12
pioneiro pioneerir 1
pirambu Pirambr 1
piratas piratar 1
pl/partido PL/Parter 1
plancher Plancher 1
plataforma plataformar 1
pl–partido PL–Parter 1
pmdb-partido PMDB-Parter 2
pmdb/partido PMDB/Parter 1
pneumopelvigrafia Pneumopelvigrafer 1
po par 1
poderosas poderonder 1
poesia poes 1
poi Poi 1
policial-militar policial-militar 11
polygram Polygrar 1
polêmica polêmicar 3
político-militar político-militar 64
políticossem políticosSar 1
pomar Pomar 3
pompeu Pomper 15
pompidou Pompidar 1
pontífice pontíficer 1
popular Popular 3
popular popular 2
porrada porradar 1
portela Portelar 1
porvir porvir 1
posibilitaria posibilitar 1
positivista positiver 1
potengi Potengir 1
potiguar potiguar 12
pour pour 3
power power 1
ppb-partido PPB-Parter 1
ppcerrado PPCerrar 1
pra prar 1
pra prir 2
prado Prar 7
pre-estabelecidas pre-estabelecir 1
precificar precificar 1
preciosas precionder 2
precisamente precisamentar 1
precisos precider 1
precoce precocer 2
precoce precoçar 1
precursora precursorar 3
precária precár 3
precípua precípuar 1
predileto prediletar 1
prefeita prefazer 9
prefeita prefeger 4
prefeita prefeito 36
prefeito prefeger 120
prefeito prefeitar 2
prefeito-substituto prefeito-substitugar 1
prefeitos prefeever 4
prefeituras prefeiturar 2
preferência preferencer 3
preferência preferêncer 2
pregressa pregressar 2
prelado prelar 1
prelados prelar 4
preliminar preliminar 19
premissa premissar 2
preocupou‑se preocupou‑sar 1
preponderância preponderâncer 1
presentato presentatar 1
presidenta presidentar 1
presidente presidentir 1
presoem presoer 1
pressa pressar 2
pretendente pretendentir 1
previdenciária previdenciár 1
prevlsto prevlr 1
primeira-secretaria primeira-secretar 1
primeiro primeirar 1
primeiro-auxiliar primeiro-auxiliar 1
primeiro-delegado-auxiliar primeiro-delegado-auxiliar 1
primeiro-vice-líder primeiro-vice-líder 8
principalmenteem principalmente 1
principle principlar 1
prioridade prioridader 1
prioritária prioritár 1
prioriza priorizar 2
priorizadas priorizar 2
priorizado priorizar 1
priorizados priorizar 2
priorizando Priorizar 2
priorizando priorizar 6
priorizar priorizar 17
priorizaria priorizar 2
priorizasse priorizar 1
priorizava priorizar 6
priorizavam priorizar 2
priorizou priorizar 27
pro prar 1
problem probler 1
procurador procurador 1
produto produgar 6
produtor produtor 1
produtora produtorar 1
produzi-do produzi-r 1
proeminência proeminênciar 1
proer Proer 1
professor professor 3
professor-auxiliar professor-auxiliar 1
progerar Progerar 2
progressista progressistar 1
projetos projetar 5
proletariado proletariar 4
promotor promotor 2
promotor-substituto promotor-substitugar 1
prontas prontar 1
prontidão prontidar 2
pronunciou–se pronunciou–sar 1
propaganda propagandar 10
propagandas propagar 1
propagandista propagander 2
propagandística propagandísticar 1
propensa propensar 1
propenso propender 1
proprietária proprietár 3
propícia propícer 5
propício propíciar 1
propósito propósever 1
proseguisse proseguir 1
protelatória protelatór 1
protentido protenter 1
protestos proter 1
proíbia proíber 2
proíbia proíbir 1
proíbir proíbir 1
prr Prr 1
prudência prudêncer 1
prá pr 1
prática práticar 1
pré-anunciada pré-anunciar 1
pré-determinada pré-determinar 1
pré-determinado pré-determinar 1
pré-fabricados pré-fabricar 1
pré-julgado pré-julgar 1
pré-pagos pré-pagar 1
pré-vestibular pré-vestibular 2
prévia préver 9
prêmio prêmiar 1
pró-candidatura pró-candidaturar 1
pró-estado Pró-Estar 1
prócer prócer 6
própria própr 3
próxima próximar 2
prüfer Prüfer 1
psb/partido PSB/Parter 1
psd-pdc-udn-partido PSD-PDC-UDN-Parter 1
psdb/partido PSDB/Parter 2
psicóloga psicólogar 2
pstu Pstr 1
pt-partido PT-Parter 1
ptn-partido PTN-Parter 1
ptolomeu Ptolomer 1
pucu Pucr 1
puro-sangue puro-sanguir 1
pwr Pwr 1
pára-quedista Pára-queder 1
pára-sar Pára-Sar 3
pós-cruzado pós-Cruzar 1
pós-graduado Pós-graduar 6
pós-graduados pós-graduar 1
pós-graduando pós-graduar 3
pós-graduou Pós-graduar 5
pós-graduou pós-graduar 14
pós-guerra pós-guerrar 4
póstuma póstumar 4
pública públicar 2
público-privada público-privar 1
público-privadas Público-Privar 4
público-privadas público-privar 3
quaisquer quaisquerer 2
qualquer qualquerer 1
quando Quar 115
quando quar 49
quarteladas quartelar 1
quarto-delegado quarto-delegar 1
quarto-vice-líder quarto-vice-líder 1
quepropunha quepropor 1
queremista queremistar 1
ques qar 1
radar radar 3
ram Rr 1
ramos Rar 3
ramos rar 75
rara rar 1
raro rarar 2
raunheitti Raunheittir 1
rayder Rayder 1
rci Rcir 1
rea rear 1
rea-lizada rea-lizar 1
reacelerar reacelerar 1
reacionária reacionár 1
readequar readequar 1
reaglutinando reaglutinar 1
reaglutinar reaglutinar 1
reaglutinaram reaglutinar 1
reaglutinou reaglutinar 1
realizar-se-iam realizar-se-ir 1
realocada realocar 1
realocar realocar 10
realocasse realocar 1
reaparelhada reaparelhar 1
reaparelhados reaparelhar 1
reaparelhar reaparelhar 7
reaparelharem reaparelhar 1
reaparelhou reaparelhar 3
reapropriado reapropriar 1
rearranjou rearranjar 1
reatribuindo reatribuir 1
rebalancear rebalancear 1
rebelde rebelder 51
recadastradas recadastrar 1
recadastrando recadastrar 1
recadastrou recadastrar 1
receoso receosar 1
receptora receptorar 1
reclamos reclar 5
reconfigurar reconfigurar 1
reconfigurou reconfigurar 1
reconstitucionalizado Reconstitucionalizar 2
recupe­rou Recupe­rar 1
recurso recursar 1
recursos recursar 6
recém recer 1
recém-admitido recém-admiter 1
recém-adquirido recém-adquirir 5
recém-alfabetizada recém-alfabetizar 1
recém-alçados recém-alçar 1
recém-aposentado recém-aposentar 1
recém-aprovada recém-aprovar 3
recém-aprovado recém-aprovar 1
recém-assumido recém-assumer 1
recém-cassado recém-cassar 1
recém-chegada recém-chegar 1
recém-chegadas recém-chegar 2
recém-chegado Recém-chegar 2
recém-chegado recém-chegar 5
recém-chegados recém-chegar 2
recém-compradas recém-comprar 1
recém-comprovada recém-comprovar 1
recém-concedido recém-conceder 1
recém-concluídos recém-concluir 1
recém-constituído recém-constituir 1
recém-construída recém-construir 1
recém-contratado recém-contratar 2
recém-convertido recém-convertir 1
recém-criada recém-criar 24
recém-criadas recém-criar 4
recém-criado recém-criar 30
recém-criados recém-criar 1
recém-decretada recém-decretar 2
recém-deflagrada recém-deflagrar 1
recém-demitidos recém-demiter 1
recém-desligados recém-desligar 1
recém-desmobilizadas recém-desmobilizar 1
recém-dissolvida recém-dissolver 1
recém-dissolvido recém-dissolver 1
recém-editada recém-editar 1
recém-editado recém-editar 1
recém-elaborados recém-elaborar 1
recém-eleita recém-elazer 2
recém-eleito recém-eleger 29
recém-eleitos recém-eleever 2
recém-empossada recém-empossar 2
recém-empossado Recém-empossar 1
recém-empossado recém-empossar 37
recém-empossados recém-empossar 1
recém-encampada recém-encampar 1
recém-enviado recém-enviar 1
recém-estabelecido recém-estabelecer 1
recém-falecido recém-falecer 10
recém-filiada recém-filiar 2
recém-filiado recém-filiar 1
recém-firmado recém-firmar 1
recém-formada recém-formar 3
recém-formado Recém-formar 1
recém-formado recém-formar 7
recém-formados recém-formar 3
recém-fundada recém-fundar 7
recém-fundadas recém-fundar 1
recém-fundado recém-fundar 11
recém-implantada recém-implantar 1
recém-implantado recém-implantar 2
recém-inaugurada recém-inaugurar 1
recém-inaugurado recém-inaugurar 3
recém-incorporada recém-incorporar 1
recém-incorporado recém-incorporar 1
recém-incorporados recém-incorporar 1
recém-iniciado recém-iniciar 4
recém-instalada recém-instalar 2
recém-instalado recém-instalar 8
recém-instalados recém-instalar 4
recém-instaurado recém-instaurar 4
recém-instituído recém-instituir 2
recém-introduzida recém-introduzer 1
recém-lançada recém-lançadar 1
recém-libertados recém-libertar 1
recém-modificado recém-modificar 1
recém-nascida recém-nascer 1
recém-nascido recém-nascer 1
recém-nascidos recém-nascir 2
recém-nomeada recém-nomear 1
recém-nomeado recém-nomear 13
recém-operado recém-operar 2
recém-organizado recém-organizar 1
recém-popularizada recém-popularizar 1
recém-privatizada recém-privatizar 5
recém-promovido recém-promover 5
recém-promovidos recém-promovir 1
recém-promulgada recém-promulgar 1
recém-publicado recém-publicar 1
recém-reeleita recém-reeleitar 1
recém-remodelado recém-remodelar 2
recém-sancionada recém-sancionar 1
recém-saído recém-sair 3
recém-saídos recém-sair 2
recém-surgidos recém-surger 1
recém-transformado recém-transformar 1
recéminstaurado recéminstaurar 1
recém‑instalada recém‑instalar 1
recíproca recíprocar 7
redator redator 5
redecker Redecker 1
redirigido redirigir 1
redividindo redividir 1
redonda redonder 1
redonda redor 1
redondas redor 1
redondos redonr 2
reduziu‑se reduziu‑sar 1
reeeleger reeeleger 1
reeeleito Reeeleitar 1
reeeleito reeeleitar 1
reelaborado reelaborar 2
reelaborou Reelaborar 1
reelaborou reelaborar 1
reelegeuse reelegeusar 1
reele­geu Reele­ger 1
reencaminhado reencaminhar 1
reenquadrá reenquadr 1
reentronizar reentronizar 1
reestabelecendo reestabelecer 1
reestabeleceu reestabelecer 1
reestatizada reestatizar 1
reestatizar reestatizar 3
reestimaria reestimar 1
referir-nos-emos referir-nos-er 1
refiliando refiliar 1
refiliar refiliar 1
refiliaria refiliar 1
refiliou refiliar 2
refinanciada refinanciar 1
refinanciar refinanciar 4
refinanciava refinanciar 1
reform reforr 3
reformer reformer 1
reformista reformer 2
reformistas reformir 1
refém refir 1
regime regimir 5
regionalista regionaler 1
regostrado regostrar 1
regressiva regressivar 1
rei rar 1
rei zer 3
reimpossando reimpossar 1
reincluído Reincluir 1
reindexada reindexar 1
reinstaurado Reinstaurar 1
reinstaurado reinstaurar 4
reinstaurando reinstaurar 1
reinstaurar reinstaurar 6
reinstaurasse reinstaurar 1
reinstaurava reinstaurar 1
reinstaurou reinstaurar 7
reinvindicando reinvindicar 1
reinvindicavam reinvindicar 1
reiteirada reiteirar 1
reitor reitor 3
relativa relativar 4
relator relator 16
relatora relatorar 2
releito releitar 1
religiosas religionder 7
religiosos religionder 1
remonetizada remonetizar 2
renomado renomar 8
renomados renomar 4
renome renomar 1
renome renumir 2
renumerando renumerar 1
repactuada repactuar 3
repactuando repactuar 1
reponsabilizando reponsabilizar 1
repressor repressor 1
repressão repress 1
represália represál 1
represália represáliar 1
reprisado reprisar 1
reprisados reprisar 1
repugnância repugnâncer 1
repórter repórter 69
república repúblicar 1
resende Resendar 1
reservista reservistar 1
resoluto resolugar 1
ressocializa ressocializar 1
ressonância ressonânciar 1
retirando-se retirando-sar 2
retor­nou retor­nar 1
retroalimentam retroalimentar 1
retrógradas retrógrar 5
retrógrado retrógrar 2
retrógrados retrógrar 2
reunir-se-iam reunir-se-ir 1
revendedora revendedorar 1
reverendo reverer 1
revisor revisor 3
revoltosa revoltosar 1
revoltosas revoltonder 1
revolucionário revolucionáriar 1
revólver revólver 6
reúnia reún 1
reúnia reúnir 1
reúniram reúnir 1
rigorosa rigorosar 1
rio-niterói Rio-Niteruir 1
rio-pará Rio-Par 1
riqueza riquezir 1
ritter Ritter 1
rodomar Rodomar 1
rodovia rodover 1
romance romancer 1
romanesca romanescar 1
romeu Romer 6
ronaldo Ronalr 2
roraima Roraimar 1
rosaafirmou Rosaafirmar 1
rosendo Roser 1
rubi ruber 1
rudimentar rudimentar 1
rumos ru 2
rumos rur 3
ruptura rupturar 1
rápida ráper 2
rápidas rápir 1
rápidos rápir 1
réu rér 18
rígida rígir 6
rígidas ríger 1
rígidas rígir 2
rígido rígir 3
rígidos rígir 4
sacem Sacer 1
sacerdote sacerdotar 4
sacrifício sacrifíciar 1
sagaz sagazer 1
saldos salr 1
sallinger Sallinger 1
salutar salutar 2
sambaqui Sambaquir 1
samdu Samdr 3
samora Samorar 1
samos Sar 1
sangue sangar 2
sangue sanguir 1
sar sar 2
satisfatória satisfatór 1
satélite satélitar 1
sbre sbrir 1
scale scalar 1
scherer Scherer 1
schuller Schuller 1
science sciencer 1
seabra Seabr 1
secondo secor 1
secretos secretar 2
secretária secretár 1
secular secular 1
securitizada securitizar 1
securizadas securizar 1
sedutora sedutorar 1
seguinte.casou seguinte.Casar 1
segundo-delegado-auxiliar segundo-delegado-auxiliar 2
segundo-vice-líder segundo-vice-líder 1
segundos segunr 2
sem sar 6
sem-terra sem-terra 5
sem-terra sem-terrar 7
semelhança semelhançar 1
semi-aberto semi-abrir 2
semi-industrializado semi-industrializar 1
semialfabetizou semialfabetizar 1
semicivilizados semicivilizar 1
semielaborados semielaborar 1
semiárido semiárir 2
sempre semprir 1
semtiam semtir 1
senado Senar 3
senado senado 1
senador senador 3
senar Senar 1
senha ser 6
sensu sensr 3
seqüenciado seqüenciar 1
sessenta Sessentar 1
sessenta sessentar 1
sete seter 1
setenciados setenciar 1
seu Ser 30
seu ser 1
severa sever 1
severa severar 7
sexta sextar 2
sginifica sginificar 1
shafer Shafer 1
siderurgia siderurgir 1
sidodelegado sidodelegar 1
sidosacados sidosacar 1
sigma sigmar 1
similar similar 7
simpatia simpat 1
simpatia simpater 1
simultânea simultânear 1
sindicatos sindicatar 3
sine sinir 2
sir sir 23
sistema sistemar 1
sistema.desvendar sistema.desvendar 1
situacionista situacionistar 1
sobeu Sober 1
sobre-representadas sobre-representar 1
sobrenome sobrenomer 1
sobretaxar sobretaxar 2
sobrevida sobrevir 1
sobrinha sobrer 11
sociofamiliar sociofamiliar 1
soldos solr 2
solene solenir 5
soler Soler 1
solerte solertir 1
solidariedade solidariedader 1
solidária solidár 2
sollberger Sollberger 1
sozinha sozer 2
sozinha sozinhar 6
sozinho sozinhar 1
spencer Spencer 1
sr sr 1
ssumiu ssumir 1
stam Star 1
stroessner Stroessner 2
sub-ramos sub-rar 1
sub-representada sub-representar 1
subavaliavam subavaliar 1
subchefe subchefer 3
subcontratada subcontratar 1
subcontratadas subcontratar 2
subcontratar subcontratar 1
subcorrigidas subcorriger 1
subdesenvolvidas subdesenvolvir 2
subdesenvolvido subdesenvolver 1
subdesenvolvido subdesenvolvir 1
subdesenvolvidos subdesenvolvir 20
subemendá subemendar 1
subempregados subempregar 1
subexploradas subexplorar 1
submarina submarinar 3
submissa submissar 1
submisso submissar 1
subpovoadas subpovoar 1
subproduto subprodugar 1
subprodutos subprodutar 1
subseqüente subseqüentir 1
subsidiária subsidiár 4
subsituído subsituir 1
substituira substituir 1
substituta substitutar 3
substituto substitugar 107
substitutos substitutar 1
substuído substuir 2
subtemperadas subtemperar 1
subterrânea subterrânear 1
subutilizamos Subutilizar 1
sucateada sucatear 1
sucateados sucatear 1
sucessora sucessorar 1
sudeste Suder 1
suficiente suficientir 1
sufrágio sufrágiar 1
sugestão sugestar 1
sui suir 1
superavaliado superavaliar 3
supercapitalizados supercapitalizar 1
superdesenvolvidas superdesenvolver 1
superdimensiona superdimensionar 1
superfaturada superfaturar 42
superfaturadas superfaturar 35
superfaturado superfaturar 3
superfaturados superfaturar 42
superfaturando superfaturar 2
superfaturar superfaturar 2
superfaturava superfaturar 1
superfaturavam superfaturar 1
supermercado supermercar 1
supermercados supermercado 2
supermercados supermercar 3
supervalorizada supervalorizar 1
supervalorizadas supervalorizar 1
supervalorizado supervalorizar 1
suplente suplentir 29
supramencionadas supramencionar 1
suprema supremar 1
supremos supr 1
supremos suprer 9
supridor supridor 1
sur sur 2
surdos surr 1
surita Surever 1
suspensão suspenser 1
suspen­sos suspen­nder 1
system systir 1
sá Sar 1
sé Sser 2
séria sér 1
séria sérer 2
sétima sétimar 1
sínter sínter 1
sócia sócer 1
sólida sóler 3
sólida sólir 3
sólidas sólir 7
sólido sóler 2
sólidos sóler 4
sólidos sólir 3
sórdida sórder 1
tabelião tabeli 3
tablóide tablóidere 2
tacaratu Tacaratr 1
tadeu Tader 3
talidomida talidomir 1
tamanha tamanhar 2
tampão tamp 1
tancredou tancredar 1
tardia tardir 3
tauá Tauar 1
tce Tcer 1
tcu Tcr 14
team ter 1
tecnificada tecnificar 1
tecnologia tecnolog 2
tecnologia tecnologiar 1
tecnología tecnologir 1
telebrás Telebr 1
telefonia telefonir 1
telegrafista telegrafistar 1
telegrama telegramar 1
temerosa temerosar 1
temerosas temeronder 1
temerosos temeronder 2
temor temor 1
tempo Tempar 1
tenaz tenazer 2
tenente-brigadeiro tenente-brigadeirar 1
tenente-brigadeiro-do-ar Tenente-brigadeiro-do-ar 1
tenente-brigadeiro-do-ar tenente-brigadeiro-do-ar 11
tenente-coronel-cirurgião tenente-coronel-cirurgi 1
tenentista tenenter 1
tenentista tenentistar 2
tenentistas tenentir 39
tenhão tenh 1
tensionaram tensionar 1
tentativa tentativar 1
teodolindo Teodolir 1
terceirizada terceirizar 1
terceirizadas terceirizar 3
terceirizado terceirizar 1
terceirizados terceirizar 1
terceirizar terceirizar 1
terceiro-vice-líder terceiro-vice-líder 1
tercerizada tercerizar 1
terima terimar 1
termochar Termochar 1
termonuclear termonuclear 2
terrninando terrninar 1
terroristas terrorir 1
tesoureiro-auxiliar tesoureiro-auxiliar 2
teu ter 3
tfr Tfr 1
the ther 3
their their 1
them ther 1
thomeu Thomer 1
three threer 1
ti-vessem ti-ver 1
tietê Tieter 2
tipo tipar 2
tivessse tivesr 1
toda Todar 1
toda todar 1
todavia todaver 1
todos Tor 2
tolerância tolerâncer 1
tonelada toneladar 1
topografia topografer 1
toprnou toprnar 1
torixoréu Torixorér 1
tornan-do tornan-r 1
tornar-se-iam tornar-se-ir 2
tornouconhecido tornouconhecer 1
tornouse tornousar 1
tornou‑se tornou‑sar 1
trabalhismo-nacionalismo-democracia trabalhismo-nacionalismo-democracer 1
trabalhista trabalher 6
tragédia tragéder 1
trampolim trampolir 2
trandferiu Trandferir 1
tranferiu tranferir 1
tranformou tranformar 1
tranquila tranquilar 1
tranqüila tranqüilar 9
transcedeu transceder 1
transerido transerir 1
transferência transferencer 1
transformar-se-iam transformar-se-ir 2
transforma­da transforma­r 1
transformou‑se transformou‑sar 1
trem Trer 2
trem tr 54
trem trer 2
tripartite tripartitar 1
troféu trofér 2
truda Trudar 1
trás tr 1
tríplice tríplicer 10
tu tr 1
tucuju Tucujr 2
tucuruí Tucuruir 1
tuma Tumar 1
turbulenta turbulenguir 1
turrier Turrier 1
tve Tr 1
técnica técnicar 4
tênder tênder 2
tênue tênuar 1
tênues tênar 1
tímida tímer 1
tímida tímir 1
tímidas tímer 1
tímidas tímir 1
tímido tímer 1
tímido tímir 1
tímidos tímir 1
tóbu Tóbr 1
u r 2
udenista udener 1
udenista udenistar 1
unger Unger 1
unionism unionisr 1
unânime unânimir 8
unívoca unívocar 1
ureter ureter 1
urna urnar 3
urucu Urucr 1
uruguaia urugua 6
uruguaia uruguair 4
usina usinar 1
ussurpada ussurpar 1
utulizado utulizar 1
vagner Vagner 1
valdir Valdir 3
valepar Valepar 1
valfrido Valfrir 3
valheu valher 2
valiosa valiosar 2
valverde Valverder 1
vantajosa vantajosar 1
var Var 1
varguista varguistar 1
vatu Vatr 1
veado vear 1
veiga Veigar 1
velha Velhar 1
vencedor vencedor 9
vencedora vencedorar 3
venceslau Venceslar 1
vencesláu Venceslár 1
veneu Vener 5
venturese venturesar 1
ven­der ven­der 1
vera Verar 1
verbi verber 1
verdade verdadir 1
vereador vereador 2
vereadora vereadorar 1
vergonha vergôr 1
verifica­se Verifica­sar 1
versos vernder 1
vespertina vespertinar 1
vespertino vespertinar 2
vestibular vestibular 14
viagem viagir 1
vialibilizados vialibilizar 1
vice-delegado vice-delegar 1
vice-lider vice-lider 3
vice-líder Vice-Líder 9
vice-líder Vice-líder 2
vice-líder vice-líder 299
vice-prefeita vice-prefazer 3
vice-prefeita vice-prefeitar 1
vice-prefeito vice-prefeger 5
vice-reinado Vice-Reinar 1
vice­líder vice­líder 1
vidor Vidor 1
vigilância vigilâncer 1
vigorosa vigorosar 1
vilela Vilelar 1
violence violencer 1
violência violencer 1
viravida ViraVer 1
visconde Visconder 1
visconde visconder 2
vitalícia vitalícer 1
vitalício-jubilado vitalício-jubilar 1
vitam vitar 1
vitoriosa vitoriosar 45
vitoriosas vitorionder 2
vitorioso vitoriosar 15
vitoriosos vitorionder 1
vivendi vivender 23
vivendi vivendir 1
vladimir Vladimir 5
vocacionado vocacionar 1
votos votar 3
votos.encerrou votos.Encerrar 1
vpr Vpr 4
vulgar vulgar 2
válida váler 3
válida váliar 3
válidas váler 1
válidas válir 1
válidos váler 113
válidos válir 5
válter Válter 1
véspera vésperar 3
vítima vítimar 2
vôlei vôl 1
wainer Wainer 3
waldir Waldir 2
walfrido Walfrir 1
war war 1
whitaker Whitaker 2
xavier Xavier 2
xavier Xavir 1
xenofobia xenofober 1
xenófoba xenófobar 1
xeque xecar 1
xii Xiir 1
xingu Xingr 3
yayoi Yayoi 1
you yar 1
zebu zebr 1
zenha Zer 1
zerada zerar 2
zerado zerar 2
zerar zerar 6
zerassem zerar 1
zilmar Zilmar 1
zür zür 1
á ar 1
ácidas ácir 1
áridos árir 2
áspera ásper 1
átomos Átor 2
âmbar âmbar 1
ém ir 1
época épocar 1
ético-disciplinar ético-disciplinar 1
ímpar ímpar 3
índice índicer 1
íntima íntimar 1
íntimos íntir 1
ítala Ítalar 1
órgão órg 6
última Últimar 1
úmido úmer 1
úmidos Úmir 1
única únicar 2
